record_id,hoist_load,crowd_vib,drive_temp,cable_tension,is_deviation
1,0.554819,0.454098,0.535302,0.634098,0
2,0.717587,0.664255,0.740805,0.761033,1
3,0.300097,0.417814,0.302008,0.268119,1
4,0.036102,0.170375,0.087917,0.098865,1
5,0.286178,0.402894,0.291212,0.321785,1
6,0.145037,0.227975,0.136043,0.166587,1
7,0.537219,0.456923,0.455289,0.527849,0
8,0.305026,0.262187,0.325999,0.319195,0
9,0.779272,0.560394,0.695712,0.741081,0
10,0.193475,0.179350,0.189038,0.197938,0
11,0.033816,0.097672,0.093926,0.060903,0
12,0.336850,0.371639,0.323718,0.316841,1
13,0.382873,0.351244,0.342501,0.396273,0
14,0.249810,0.309246,0.284424,0.305634,1
15,0.586868,0.583641,0.606017,0.598452,1
16,0.876996,0.621242,0.800968,0.880922,0
17,0.718728,0.714977,0.693070,0.744402,1
18,0.581652,0.680206,0.627947,0.575001,1
19,0.046027,0.168716,0.047958,0.118693,1
20,0.302354,0.270971,0.246955,0.295687,0
21,0.424017,0.425286,0.389726,0.490973,1
22,0.135539,0.242023,0.106037,0.180995,0
23,0.564583,0.234438,0.478562,0.614693,1
24,0.101805,0.000000,0.046610,0.098104,1
25,0.233004,0.192717,0.208400,0.209484,0
26,0.759181,0.554040,0.643474,0.755781,0
27,0.375205,0.393936,0.393194,0.421836,0
28,0.297890,0.237345,0.299989,0.309047,0
29,0.454082,0.552210,0.455064,0.515850,1
30,0.109999,0.306554,0.114468,0.169074,1
31,0.585975,0.394914,0.556321,0.610515,0
32,0.502845,0.482656,0.412029,0.507711,0
33,0.984096,0.648535,0.885474,0.945677,0
34,0.156703,0.131576,0.161131,0.171902,1
35,0.203291,0.192682,0.180939,0.262422,0
36,0.925745,0.547991,0.808842,0.905233,0
37,0.547913,0.242507,0.409358,0.507996,1
38,0.135148,0.159779,0.156969,0.228008,0
39,0.866397,0.821091,0.819092,0.851714,1
40,0.049045,0.098808,0.045509,0.078596,0
41,0.171473,0.071403,0.078514,0.199158,1
42,0.488484,0.392055,0.523107,0.431291,0
43,0.479277,0.408049,0.453214,0.504197,0
44,0.191895,0.140392,0.174203,0.228029,1
45,0.662536,0.663708,0.612606,0.677391,1
46,0.425209,0.235472,0.347488,0.448437,0
47,0.623762,0.687773,0.626639,0.609248,1
48,0.818538,0.757590,0.756570,0.836888,1
49,0.765742,0.635512,0.727018,0.783511,1
50,0.398867,0.250128,0.384975,0.407105,0
51,0.570572,0.387315,0.532632,0.569871,0
52,0.333997,0.335541,0.330267,0.347116,0
53,0.941487,0.553777,0.846872,0.951840,0
54,0.504857,0.496541,0.457643,0.486659,1
55,0.891877,0.702589,0.792753,0.864178,0
56,0.397505,0.556158,0.412109,0.374977,1
57,0.663220,0.331555,0.560708,0.708670,1
58,0.205571,0.067178,0.166887,0.232597,1
59,0.419248,0.191732,0.279209,0.423450,1
60,0.531696,0.515746,0.482947,0.513607,0
61,0.339312,0.388065,0.299712,0.337099,1
62,0.441543,0.377288,0.380290,0.405675,0
63,0.382880,0.277968,0.390639,0.393741,0
64,0.155215,0.206075,0.163193,0.203988,0
65,0.412946,0.323066,0.501634,0.471117,0
66,0.143613,0.073976,0.080340,0.174241,1
67,0.048245,0.198926,0.010956,0.025538,0
68,0.640528,0.607786,0.679806,0.682706,0
69,0.213558,0.165187,0.200703,0.238262,1
70,0.071447,0.191743,0.064669,0.130867,0
71,0.240421,0.254425,0.197441,0.243665,0
72,0.418693,0.377879,0.406894,0.405679,0
73,0.635896,0.585454,0.542388,0.651970,0
74,0.521235,0.484854,0.435577,0.503503,0
75,0.382537,0.441967,0.381763,0.376195,1
76,0.459926,0.525565,0.426538,0.444475,1
77,0.942167,0.937645,0.942955,0.978315,1
78,0.868386,0.656091,0.811454,0.845198,0
79,0.177161,0.292247,0.187116,0.201467,1
80,0.255373,0.087467,0.208925,0.293782,1
81,0.646844,0.560787,0.583301,0.630567,0
82,0.125579,0.136581,0.108505,0.171287,0
83,0.560024,0.403846,0.498973,0.584861,0
84,0.237403,0.201681,0.188572,0.230008,0
85,0.481886,0.352852,0.447718,0.501181,0
86,0.550483,0.315934,0.424712,0.517883,0
87,0.823913,0.505588,0.727590,0.808925,0
88,0.163615,0.291265,0.156590,0.168596,1
89,0.241677,0.316207,0.218450,0.249355,1
90,0.307640,0.351263,0.311675,0.350172,0
91,0.376196,0.281215,0.354439,0.434500,0
92,0.146498,0.068803,0.094527,0.153266,1
93,0.873647,0.709583,0.829533,0.881194,0
94,0.555890,0.517034,0.557423,0.585817,0
95,0.053327,0.200840,0.165620,0.117159,1
96,0.883506,0.649059,0.809937,0.941414,0
97,0.546364,0.196306,0.443405,0.553483,1
98,0.504381,0.384752,0.506143,0.501819,0
99,0.416300,0.413950,0.385385,0.439268,0
100,0.570102,0.235023,0.534580,0.602762,1
101,0.264185,0.338207,0.222570,0.228893,1
102,0.123498,0.092440,0.135153,0.155529,1
103,0.253954,0.293764,0.284267,0.272548,0
104,0.478237,0.435978,0.445504,0.432311,0
105,0.891323,0.814482,0.891305,0.891964,1
106,0.612052,0.700939,0.537854,0.620130,1
107,0.545170,0.496570,0.522110,0.614173,0
108,0.092715,0.203468,0.078410,0.178203,1
109,0.590120,0.552453,0.562833,0.583489,1
110,0.159598,0.327906,0.184086,0.138718,1
111,0.450009,0.175261,0.335917,0.439341,1
112,0.201862,0.188799,0.145935,0.193828,0
113,0.983471,0.537644,0.847031,0.945289,0
114,0.480875,0.399698,0.446740,0.494850,0
115,0.473413,0.182289,0.341016,0.496001,1
116,0.526605,0.156714,0.424195,0.576515,1
117,0.999491,0.825650,0.952050,0.959086,1
118,0.583698,0.389789,0.487426,0.526820,0
119,0.705920,0.243324,0.659043,0.755709,1
120,0.742054,0.736053,0.760410,0.765384,1
121,0.253071,0.207581,0.243969,0.263456,0
122,0.208477,0.151040,0.146971,0.180250,0
123,0.116879,0.178542,0.096503,0.160285,0
124,0.076333,0.181227,0.026516,0.080105,1
125,0.016971,0.200645,0.040906,0.111778,0
126,0.429241,0.222295,0.412874,0.425026,1
127,0.763247,0.635684,0.723424,0.737496,0
128,0.557651,0.628528,0.543176,0.541270,1
129,0.320531,0.229595,0.339988,0.408360,0
130,0.127646,0.143801,0.160414,0.150468,0
131,0.406796,0.315448,0.346867,0.444010,0
132,0.571630,0.495797,0.525109,0.556828,0
133,0.622816,0.426569,0.575407,0.621951,0
134,0.819447,0.633098,0.749265,0.790640,0
135,0.651633,0.684997,0.644339,0.613737,1
136,0.337100,0.432866,0.350869,0.299402,1
137,0.348047,0.236021,0.322045,0.375683,0
138,0.914113,0.776737,0.811644,0.899416,0
139,0.522238,0.278093,0.422393,0.509288,1
140,0.900602,0.592750,0.815818,0.849053,0
141,0.872975,0.684809,0.859474,0.843417,0
142,0.684600,0.247755,0.640907,0.720163,1
143,0.819586,0.317360,0.703986,0.843052,1
144,0.834891,0.762981,0.830710,0.833804,1
145,0.189133,0.209534,0.204985,0.232791,0
146,0.637787,0.534317,0.583518,0.673015,0
147,0.106643,0.184659,0.182883,0.159596,0
148,0.188754,0.191657,0.149971,0.277945,0
149,0.206217,0.282316,0.218036,0.231071,0
150,0.678255,0.518715,0.686706,0.703959,0
151,0.284293,0.276873,0.290498,0.338447,0
152,0.753395,0.367935,0.672764,0.708652,1
153,0.604576,0.530455,0.577888,0.665237,0
154,0.496138,0.242299,0.415680,0.467133,1
155,0.395481,0.523079,0.422009,0.494656,1
156,0.167678,0.269152,0.149460,0.153155,1
157,0.247392,0.219073,0.241857,0.244204,0
158,0.093553,0.181355,0.093493,0.181037,0
159,0.781546,0.371390,0.655897,0.786420,1
160,0.016594,0.131052,0.046032,0.000000,1
161,0.278958,0.243896,0.241745,0.342377,0
162,0.401738,0.361733,0.314470,0.404668,0
163,0.891685,0.603930,0.875589,0.926447,0
164,0.028096,0.060946,0.011223,0.063267,1
165,0.327971,0.357691,0.301189,0.356054,1
166,0.620163,0.421483,0.535814,0.634897,0
167,0.818270,0.879952,0.836328,0.839721,1
168,0.969293,0.969062,1.000000,0.953340,1
169,0.075789,0.075450,0.094984,0.139714,0
170,0.230831,0.179874,0.123208,0.292147,1
171,0.188370,0.259495,0.203083,0.245031,0
172,0.833644,0.553149,0.703883,0.782527,0
173,0.162445,0.126191,0.141600,0.202229,0
174,0.166110,0.091286,0.141676,0.197206,1
175,0.223850,0.243696,0.198558,0.240309,0
176,0.438640,0.322551,0.420594,0.411075,0
177,0.203072,0.175470,0.211268,0.226224,0
178,0.696519,0.518299,0.615119,0.678877,0
179,0.788485,0.843346,0.759979,0.739345,1
180,0.059288,0.156872,0.070982,0.112323,0
181,0.821993,0.749393,0.757644,0.830977,1
182,0.701017,0.518245,0.674502,0.720534,0
183,0.087242,0.178235,0.129215,0.072555,1
184,0.088163,0.204672,0.093761,0.123936,1
185,0.675905,0.281845,0.504144,0.696993,1
186,0.588179,0.261759,0.532786,0.569861,1
187,0.287680,0.291965,0.283694,0.326025,0
188,0.388183,0.287571,0.364510,0.350324,0
189,0.208562,0.339781,0.202409,0.210762,1
190,0.123031,0.257502,0.149303,0.217599,1
191,0.111839,0.130638,0.091590,0.157987,0
192,0.236572,0.250980,0.231291,0.263446,0
193,0.525519,0.646804,0.486711,0.512556,1
194,0.816472,0.518161,0.745014,0.836210,0
195,0.386159,0.282542,0.306882,0.361958,0
196,0.392849,0.331383,0.322849,0.395109,0
197,0.061693,0.169790,0.077380,0.083678,1
198,0.057152,0.170667,0.099930,0.117489,0
199,0.186276,0.278615,0.196385,0.205242,1
200,0.559801,0.618199,0.576531,0.637942,1
201,0.699384,0.480921,0.659698,0.693525,0
202,0.372455,0.334109,0.374979,0.398070,0
203,0.284955,0.149406,0.228447,0.273576,1
204,0.675672,0.522250,0.659179,0.669178,0
205,0.799794,0.447861,0.708276,0.835815,0
206,0.426608,0.400376,0.411144,0.440046,1
207,0.113665,0.097241,0.096765,0.137452,0
208,0.078428,0.101394,0.090347,0.127330,1
209,0.771803,0.671731,0.730539,0.772958,0
210,0.073708,0.181172,0.130904,0.128198,0
211,0.689899,0.328411,0.540245,0.677923,1
212,0.174763,0.245001,0.225019,0.202857,0
213,1.000000,0.685164,0.878660,0.982322,0
214,0.753919,0.464148,0.653163,0.724626,0
215,0.169442,0.143983,0.057848,0.223214,1
216,0.071932,0.083609,0.068240,0.110967,0
217,0.610398,0.522545,0.548441,0.630893,0
218,0.139963,0.273731,0.158024,0.115737,1
219,0.225964,0.327038,0.234784,0.238855,1
220,0.369782,0.283271,0.290305,0.409370,0
221,0.355853,0.164150,0.274985,0.348293,1
222,0.519283,0.595968,0.537787,0.567119,1
223,0.855098,0.972653,0.864511,0.881579,1
224,0.289553,0.227679,0.193528,0.244658,0
225,0.145408,0.238291,0.093709,0.143618,1
226,0.788306,0.381934,0.681977,0.822716,1
227,0.610548,0.471739,0.626401,0.631364,0
228,0.392799,0.226941,0.255307,0.410267,0
229,0.603750,0.700970,0.581106,0.623316,1
230,0.734491,0.568299,0.676844,0.722129,0
231,0.584812,0.387900,0.581125,0.660955,0
232,0.512891,0.321187,0.451678,0.530234,0
233,0.234609,0.238438,0.209468,0.300291,0
234,0.771713,0.804719,0.783157,0.773388,1
235,0.497370,0.370674,0.479384,0.514918,0
236,0.461276,0.326379,0.355978,0.492139,0
237,0.539735,0.421105,0.486893,0.535218,0
238,0.082278,0.242987,0.085463,0.099879,1
239,0.088386,0.125778,0.125495,0.103856,0
240,0.558061,0.573601,0.581720,0.596501,1
241,0.246082,0.219772,0.250128,0.285615,0
242,0.761880,0.593090,0.723790,0.744426,0
243,0.437531,0.355619,0.387525,0.444814,0
244,0.304097,0.296257,0.319361,0.317700,0
245,0.936744,0.910166,0.948074,0.912459,1
246,0.641687,0.491645,0.633257,0.707759,0
247,0.855296,0.505406,0.759833,0.851715,0
248,0.519511,0.409627,0.563578,0.526592,0
249,0.315686,0.302989,0.308511,0.411533,0
250,0.132958,0.285848,0.168577,0.172161,1
251,0.153565,0.164882,0.192312,0.169396,0
252,0.749398,0.662982,0.690037,0.782464,0
253,0.247714,0.250337,0.208016,0.285955,0
254,0.469296,0.249297,0.389456,0.542757,1
255,0.941176,0.776463,0.814899,0.905591,0
256,0.396937,0.218172,0.300565,0.383615,1
257,0.842639,0.558688,0.684745,0.830864,0
258,0.598933,0.662056,0.571755,0.615896,1
259,0.549501,0.359031,0.498768,0.567406,0
260,0.416667,0.434010,0.418370,0.489847,0
261,0.288369,0.247373,0.252374,0.331406,0
262,0.340023,0.322603,0.302045,0.362403,0
263,0.554322,0.534172,0.504128,0.546910,0
264,0.623257,0.663415,0.600728,0.611092,1
265,0.482511,0.530099,0.423450,0.495465,1
266,0.694719,0.660602,0.683000,0.703858,1
267,0.220796,0.222237,0.200513,0.206840,0
268,0.278059,0.255613,0.276785,0.316438,0
269,0.907371,0.875550,0.877785,0.872084,1
270,0.804090,0.790696,0.765678,0.739759,1
271,0.856700,0.360955,0.730818,0.875215,1
272,0.337660,0.231753,0.296963,0.369163,0
273,0.781105,0.844428,0.791415,0.794285,1
274,0.550777,0.451027,0.479571,0.520905,0
275,0.330059,0.146850,0.213389,0.325350,1
276,0.542275,0.665866,0.607995,0.547701,1
277,0.696275,0.261620,0.512199,0.695445,1
278,0.127197,0.119577,0.174238,0.188348,0
279,0.110184,0.251635,0.123662,0.189340,1
280,0.846676,0.541122,0.794547,0.878603,0
281,0.585347,0.329795,0.505179,0.600891,0
282,0.604883,0.409101,0.497054,0.647455,0
283,0.744686,0.661409,0.665050,0.717939,1
284,0.876674,0.597277,0.796731,0.841831,0
285,0.530105,0.289117,0.373142,0.511163,1
286,0.581619,0.538757,0.537524,0.569727,0
287,0.329446,0.200343,0.209999,0.337162,0
288,0.291596,0.364895,0.291128,0.344986,1
289,0.294049,0.127034,0.213902,0.314138,1
290,0.221677,0.214262,0.130349,0.243086,0
291,0.030925,0.091753,0.012047,0.091328,1
292,0.938293,0.591060,0.818301,0.916383,0
293,0.558447,0.449583,0.442839,0.574982,0
294,0.893944,0.656057,0.889044,0.920213,0
295,0.319646,0.329180,0.296937,0.346905,0
296,0.134689,0.197673,0.132706,0.197739,0
297,0.363649,0.341910,0.309963,0.427733,0
298,0.910410,0.327725,0.806059,0.841359,1
299,0.937718,0.786786,0.843515,0.944104,0
300,0.678179,0.552971,0.665675,0.720557,0
301,0.698382,0.450473,0.579033,0.719787,0
302,0.333127,0.411679,0.295288,0.344258,1
303,0.220323,0.221060,0.245960,0.207363,0
304,0.494904,0.469125,0.526392,0.457255,1
305,0.203253,0.218873,0.162680,0.284040,0
306,0.971293,0.733683,0.949055,0.956198,0
307,0.121137,0.257586,0.078751,0.108131,1
308,0.436470,0.335092,0.397737,0.451378,0
309,0.693119,0.609014,0.622565,0.701377,0
310,0.599246,0.736258,0.630097,0.626396,1
311,0.133001,0.080509,0.172129,0.186828,1
312,0.287148,0.365346,0.292072,0.365461,1
313,0.758566,0.483270,0.708098,0.761726,0
314,0.441916,0.525045,0.379011,0.476068,1
315,0.491343,0.329592,0.358926,0.470871,0
316,0.952546,0.688830,0.867431,1.000000,0
317,0.445284,0.199200,0.367095,0.443241,1
318,0.952209,1.000000,0.914368,0.935612,1
319,0.399291,0.210779,0.335767,0.455778,1
320,0.781785,0.550368,0.807327,0.814963,0
321,0.049422,0.152897,0.041396,0.091651,0
322,0.656592,0.318308,0.597985,0.674539,1
323,0.576013,0.382131,0.526999,0.591600,0
324,0.883375,0.571887,0.804179,0.928403,0
325,0.527304,0.612763,0.594784,0.511705,1
326,0.241634,0.263187,0.269680,0.289624,0
327,0.537074,0.374396,0.483269,0.520777,0
328,0.195570,0.126643,0.178469,0.232868,0
329,0.719947,0.604493,0.644882,0.715345,0
330,0.064721,0.146433,0.108295,0.065136,0
331,0.927575,0.621091,0.805554,0.944733,0
332,0.234644,0.167860,0.204413,0.265628,0
333,0.527471,0.399217,0.453356,0.555933,0
334,0.519791,0.211447,0.421593,0.574485,1
335,0.144692,0.126982,0.092098,0.138639,0
336,0.027507,0.123088,0.000000,0.025698,0
337,0.476279,0.357825,0.361224,0.491615,0
338,0.871473,0.384683,0.712474,0.865610,1
339,0.081502,0.166770,0.011482,0.036680,0
340,0.965590,0.973860,0.948650,0.942662,1
341,0.813455,0.617107,0.776491,0.836788,0
342,0.145645,0.116190,0.090631,0.167610,0
343,0.840936,0.531075,0.729220,0.834143,0
344,0.183197,0.191661,0.188020,0.242618,0
345,0.678639,0.375363,0.601807,0.679421,0
346,0.828988,0.637660,0.737441,0.772843,0
347,0.615444,0.658533,0.612241,0.618241,1
348,0.170660,0.214479,0.213389,0.208872,0
349,0.458540,0.362722,0.370251,0.429643,0
350,0.291333,0.326544,0.263623,0.299000,0
351,0.586054,0.668178,0.580524,0.624340,1
352,0.872830,0.571800,0.821302,0.916226,0
353,0.961700,0.680384,0.905902,0.992336,0
354,0.464173,0.280810,0.445554,0.483829,0
355,0.503188,0.358754,0.449242,0.495548,0
356,0.414147,0.481907,0.411673,0.465322,1
357,0.851346,0.456823,0.779029,0.857808,1
358,0.633833,0.208294,0.486946,0.611201,1
359,0.271293,0.345204,0.280251,0.292013,1
360,0.705936,0.539438,0.655953,0.755748,0
361,0.100615,0.030871,0.094551,0.149468,1
362,0.172489,0.389482,0.205353,0.234049,1
363,0.228097,0.194979,0.180818,0.278353,1
364,0.730763,0.515930,0.594316,0.662052,0
365,0.535291,0.480904,0.520205,0.585805,0
366,0.739588,0.287554,0.616975,0.760378,1
367,0.603370,0.554123,0.644206,0.640385,0
368,0.702508,0.605447,0.685246,0.730656,0
369,0.721993,0.278945,0.585581,0.753073,1
370,0.785450,0.710863,0.712873,0.783674,0
371,0.444923,0.391711,0.412155,0.432203,0
372,0.393867,0.374949,0.399900,0.435489,0
373,0.003143,0.140477,0.034664,0.107358,1
374,0.790834,0.509853,0.694781,0.790920,0
375,0.829894,0.578018,0.782979,0.826851,0
376,0.512647,0.639774,0.535056,0.508560,1
377,0.390327,0.330882,0.317144,0.390058,0
378,0.941201,0.565148,0.830819,0.935695,0
379,0.633513,0.589484,0.609398,0.681842,0
380,0.141649,0.233447,0.196439,0.230541,0
381,0.172134,0.310507,0.187346,0.180522,1
382,0.384288,0.243803,0.325503,0.362420,1
383,0.600204,0.635885,0.562538,0.615052,1
384,0.564258,0.441915,0.534475,0.534790,0
385,0.897326,0.830254,0.925213,0.890681,1
386,0.711125,0.788980,0.680597,0.680682,1
387,0.720410,0.590753,0.683606,0.681068,0
388,0.256982,0.297479,0.223840,0.262320,1
389,0.345877,0.213672,0.362124,0.367686,1
390,0.860824,0.824256,0.825435,0.908323,1
391,0.074964,0.093034,0.043554,0.161122,1
392,0.620601,0.264726,0.470513,0.600871,1
393,0.606486,0.505221,0.649356,0.653244,0
394,0.544989,0.409664,0.430797,0.544775,0
395,0.361166,0.252921,0.361827,0.393219,0
396,0.551898,0.231069,0.449200,0.542338,1
397,0.763785,0.763437,0.725200,0.762112,1
398,0.167642,0.086031,0.182845,0.209109,1
399,0.919983,0.638832,0.918030,0.975565,0
400,0.320547,0.419544,0.349425,0.348756,1
401,0.751562,0.623260,0.712514,0.759773,0
402,0.023770,0.031633,0.054881,0.100084,0
403,0.755593,0.669635,0.739527,0.768404,0
404,0.287867,0.262976,0.283139,0.317640,0
405,0.073057,0.043990,0.064532,0.080947,0
406,0.189549,0.161613,0.208098,0.253039,0
407,0.594543,0.632136,0.604395,0.629142,1
408,0.056157,0.177015,0.055618,0.153858,0
409,0.669164,0.602828,0.726298,0.743832,0
410,0.725779,0.654695,0.700232,0.743298,0
411,0.625476,0.513164,0.548075,0.607401,0
412,0.176241,0.193569,0.087155,0.181869,0
413,0.747487,0.542714,0.611867,0.723552,0
414,0.580960,0.306486,0.532480,0.630809,1
415,0.063456,0.096322,0.076617,0.081922,0
416,0.199358,0.173271,0.129180,0.210157,0
417,0.585242,0.365948,0.484530,0.534463,0
418,0.055556,0.122636,0.043233,0.106374,0
419,0.344999,0.394797,0.338732,0.423293,1
420,0.882386,0.724867,0.840060,0.827727,0
421,0.395416,0.313141,0.386443,0.402011,0
422,0.092352,0.124905,0.097269,0.108629,0
423,0.469157,0.306498,0.422489,0.490752,0
424,0.920314,0.755792,0.772325,0.891455,0
425,0.687530,0.461471,0.613511,0.730066,0
426,0.277365,0.355819,0.323847,0.325834,1
427,0.647511,0.456311,0.581036,0.629113,0
428,0.955458,0.830092,0.883424,0.940669,1
429,0.424539,0.255836,0.365377,0.404270,1
430,0.142399,0.215164,0.138145,0.141504,0
431,0.861615,0.668412,0.821945,0.875724,0
432,0.207837,0.312486,0.196565,0.210066,1
433,0.000000,0.100801,0.056660,0.098880,0
434,0.150005,0.249246,0.200794,0.197492,0
435,0.564735,0.500689,0.526433,0.534552,0
436,0.582753,0.267274,0.413990,0.623266,1
437,0.451447,0.325344,0.438012,0.518418,0
438,0.539994,0.289700,0.502700,0.569100,1
439,0.697381,0.461206,0.631303,0.740840,0
440,0.561753,0.494707,0.512165,0.602561,0
441,0.024748,0.132438,0.070730,0.069419,1
442,0.685225,0.682318,0.627840,0.655387,1
443,0.908585,0.793396,0.806867,0.898883,1
444,0.631670,0.691160,0.572827,0.659163,1
445,0.196264,0.103239,0.156786,0.242293,1
446,0.365818,0.307037,0.396120,0.384767,0
447,0.062846,0.135160,0.070800,0.088906,0
448,0.782510,0.557009,0.719909,0.762152,0
449,0.111662,0.181247,0.158146,0.193146,0
450,0.893756,0.747360,0.947405,0.872112,0
451,0.150910,0.160734,0.165219,0.170321,0
452,0.815679,0.625143,0.731579,0.799666,0
453,0.159596,0.163060,0.108045,0.197837,0
454,0.775188,0.770925,0.785625,0.790834,1
455,0.621415,0.577053,0.616212,0.682887,0
456,0.575212,0.446001,0.574476,0.593448,0
457,0.815468,0.568007,0.794446,0.820981,0
458,0.417956,0.502538,0.346138,0.440342,1
459,0.617531,0.563262,0.636275,0.612652,1
460,0.723009,0.714157,0.726942,0.741030,1
461,0.023119,0.091594,0.080858,0.066336,0
462,0.318271,0.296899,0.321184,0.315655,0
463,0.594200,0.646227,0.579910,0.581157,1
464,0.734013,0.674994,0.707800,0.712120,1
465,0.792362,0.845671,0.828593,0.757564,1
466,0.741810,0.582796,0.672509,0.749836,0
467,0.513263,0.635365,0.580228,0.558990,1
468,0.837636,0.382812,0.681112,0.856814,1
469,0.265402,0.316959,0.319740,0.233547,0
470,0.390607,0.549513,0.399627,0.413283,1
471,0.506131,0.477487,0.471301,0.502607,0
472,0.459714,0.479018,0.513051,0.491367,0
473,0.095721,0.118527,0.073441,0.075221,0
474,0.068335,0.171725,0.079444,0.147511,0
475,0.932210,0.863494,0.901077,0.915462,1
476,0.690007,0.605645,0.630310,0.745933,0
477,0.243807,0.256819,0.286228,0.277283,0
478,0.285129,0.170685,0.177977,0.291026,1
479,0.204518,0.189769,0.106914,0.186793,0
480,0.593541,0.396484,0.536000,0.528816,0
481,0.864697,0.598418,0.741098,0.832307,0
482,0.161087,0.171524,0.144098,0.215440,0
483,0.764905,0.362103,0.686516,0.709353,1
484,0.728179,0.499317,0.709456,0.725190,0
485,0.547531,0.506127,0.549500,0.538457,0
486,0.975892,0.701482,0.827683,0.972093,0
487,0.677158,0.325945,0.564056,0.642656,1
488,0.234322,0.307297,0.324759,0.291049,0
489,0.165899,0.269552,0.187756,0.231001,1
490,0.391601,0.312517,0.337609,0.377652,0
491,0.727701,0.782250,0.616249,0.706756,1
492,0.245840,0.258903,0.235273,0.259146,0
493,0.542623,0.175937,0.407897,0.511497,1
494,0.066287,0.176498,0.099050,0.100987,0
495,0.765682,0.770837,0.803547,0.787908,1
496,0.634682,0.597027,0.604185,0.693755,0
497,0.711359,0.530266,0.646857,0.695008,0
498,0.456635,0.432721,0.497122,0.481660,0
499,0.569441,0.341381,0.561838,0.559182,0
500,0.318204,0.303616,0.274706,0.329094,0
501,0.013244,0.042549,0.013287,0.088765,1
502,0.716570,0.562780,0.718605,0.780630,0
503,0.211149,0.272333,0.210839,0.217849,1
504,0.837521,0.798476,0.750300,0.839424,1
505,0.719925,0.480004,0.586579,0.731780,0
506,0.690590,0.513731,0.656497,0.685383,0
507,0.601244,0.443945,0.516297,0.616696,0
508,0.537014,0.455778,0.611590,0.570178,0
509,0.639762,0.715099,0.630066,0.643677,1
510,0.122146,0.204058,0.143815,0.204956,0
511,0.570333,0.467527,0.495824,0.586153,0
512,0.234037,0.343958,0.250770,0.225645,1
513,0.169043,0.217750,0.158529,0.203395,0
514,0.556979,0.648993,0.542008,0.599671,1
515,0.289924,0.354178,0.227666,0.313348,1
516,0.557902,0.426306,0.535384,0.564590,0
517,0.583381,0.441832,0.540337,0.604092,0
518,0.940083,0.720960,0.845350,0.890856,0
519,0.699705,0.470864,0.603855,0.738666,0
520,0.910041,0.883062,0.933396,0.890967,1
521,0.912435,0.619826,0.817737,0.944821,0
522,0.887093,0.779251,0.869729,0.852618,1
523,0.728166,0.531554,0.716711,0.765235,0
524,0.812333,0.850549,0.852226,0.865494,1
525,0.660036,0.652115,0.669934,0.701226,1
526,0.851318,0.934537,0.805604,0.818106,1
527,0.737115,0.537936,0.639913,0.724907,0
528,0.798445,0.624409,0.708751,0.799513,0
529,0.245589,0.255953,0.202971,0.290387,0
530,0.159211,0.217519,0.107898,0.163079,0
531,0.913623,0.453221,0.808099,0.951931,1
532,0.483973,0.479450,0.474282,0.520723,1
533,0.271804,0.196154,0.253529,0.324778,0
534,0.553547,0.470457,0.529054,0.589650,0
535,0.664884,0.460472,0.572369,0.671327,0
536,0.221393,0.141211,0.198201,0.220207,1
537,0.047378,0.103653,0.026347,0.040570,0
538,0.750688,0.474509,0.685280,0.736195,0
539,0.112398,0.073694,0.100049,0.116797,1
540,0.122343,0.135170,0.069930,0.207443,0
541,0.558623,0.501383,0.508352,0.543460,0
542,0.265691,0.309913,0.272729,0.330684,0
543,0.000000,0.058941,0.036887,0.073124,0
544,0.507687,0.433480,0.439348,0.510904,0
545,0.494949,0.362689,0.462156,0.523612,0
546,0.880523,0.969042,0.894753,0.897351,1
547,0.550006,0.432158,0.552030,0.598878,0
548,0.347063,0.297804,0.376554,0.309320,0
549,0.529589,0.143249,0.396937,0.540388,1
550,0.110980,0.173651,0.090454,0.134705,0
551,0.867507,0.798860,0.862329,0.895607,1
552,0.826818,0.543155,0.710464,0.826020,0
553,0.689784,0.410064,0.629615,0.740963,0
554,0.257452,0.276196,0.193037,0.327580,0
555,0.347444,0.366446,0.312404,0.351081,0
556,0.734334,0.590367,0.716635,0.738618,0
557,0.248879,0.187755,0.264528,0.290403,0
558,0.853499,0.524387,0.780241,0.878335,0
559,0.548424,0.579295,0.562293,0.554520,0
560,0.486519,0.416468,0.428016,0.524983,0
561,0.944880,0.768158,0.885767,0.981986,0
562,0.175218,0.234652,0.193220,0.239816,1
563,0.718719,0.745034,0.772521,0.733251,1
564,0.471588,0.419074,0.446326,0.471020,0
565,0.000000,0.113758,0.000000,0.065125,0
566,0.566430,0.420491,0.497735,0.554118,0
567,0.052383,0.092214,0.062746,0.055878,0
568,0.159363,0.274901,0.087740,0.163091,1
569,0.160183,0.201485,0.151135,0.218668,0
570,0.174510,0.254083,0.180725,0.143960,1
571,0.335133,0.213286,0.239358,0.313348,0
572,0.473962,0.385145,0.382217,0.440927,0
573,0.434177,0.394401,0.462043,0.450561,0
574,0.527922,0.483449,0.532894,0.585423,0
575,0.527918,0.451983,0.482319,0.558354,0
576,0.577257,0.609176,0.509348,0.586721,1
577,0.354956,0.099593,0.297965,0.393340,1
578,0.274109,0.257930,0.271214,0.337287,0
579,0.819246,0.772994,0.773899,0.799302,1
580,0.398142,0.258786,0.368146,0.435078,0
581,0.730996,0.674356,0.718529,0.735212,1
582,0.173142,0.322548,0.256604,0.259162,1
583,0.744954,0.840939,0.764691,0.759823,1
584,0.085424,0.135122,0.101421,0.122544,0
585,0.438988,0.197795,0.384605,0.405727,1
586,0.205353,0.275820,0.201434,0.290783,0
587,0.143856,0.163028,0.049869,0.139801,0
588,0.065092,0.034683,0.000000,0.134023,1
589,0.526450,0.555501,0.500159,0.521782,1
590,0.854338,0.821174,0.847731,0.830273,1
591,0.325460,0.284106,0.285225,0.316078,0
592,0.470519,0.531641,0.483091,0.474525,1
593,0.978274,0.663913,0.878004,0.914390,0
594,0.228559,0.288755,0.263243,0.314510,0
595,0.531105,0.593337,0.567541,0.549080,1
596,0.056936,0.109648,0.062398,0.047143,0
597,0.600362,0.269034,0.523516,0.595378,1
598,0.277224,0.361627,0.329442,0.337215,1
599,0.723936,0.607710,0.685443,0.750160,0
600,0.418997,0.525963,0.394812,0.465928,1
601,0.666519,0.745639,0.649175,0.649202,1
602,0.097968,0.190830,0.085230,0.120065,0
603,0.173491,0.198835,0.160611,0.206586,1
604,0.462779,0.333820,0.428082,0.502257,0
605,0.392198,0.473765,0.375442,0.374272,1
606,0.516421,0.403922,0.411224,0.510863,0
607,0.640740,0.429048,0.622140,0.660926,0
608,0.958351,0.989854,1.000000,0.954111,1
609,0.348873,0.324579,0.288986,0.398233,0
610,0.883473,0.297593,0.703455,0.831892,1
611,0.489384,0.445939,0.476297,0.542141,0
612,0.557177,0.274224,0.516635,0.588431,1
613,0.717700,0.577286,0.631576,0.696759,0
614,0.590819,0.404685,0.504127,0.531070,0
615,0.760565,0.428400,0.664372,0.767059,1
616,0.394050,0.385353,0.293778,0.391109,0
617,0.596839,0.471877,0.596480,0.582630,0
618,0.627781,0.510132,0.516667,0.611805,0
619,0.565831,0.407435,0.420609,0.572860,0
620,0.540625,0.340066,0.508900,0.588457,0
621,0.087162,0.148836,0.028435,0.145002,0
622,0.850387,0.807688,0.836830,0.846572,1
623,0.581558,0.402389,0.507302,0.577813,0
624,0.154435,0.177592,0.131717,0.181399,0
625,0.201895,0.289768,0.192295,0.194050,0
626,0.313935,0.417082,0.356951,0.370906,1
627,0.422071,0.231892,0.311080,0.412069,1
628,0.775478,0.605732,0.745200,0.775096,0
629,0.357131,0.413682,0.380217,0.419993,1
630,0.683821,0.415698,0.621494,0.689053,0
631,0.654261,0.677364,0.701475,0.603076,1
632,0.841113,0.389318,0.675421,0.836953,1
633,0.963570,0.393657,0.882023,0.948278,1
634,0.085340,0.130406,0.016671,0.084785,0
635,0.673700,0.666157,0.590513,0.692525,1
636,0.543203,0.432207,0.546414,0.637197,0
637,0.820373,0.616157,0.720948,0.850719,0
638,0.453985,0.391822,0.377924,0.443218,1
639,0.665893,0.486858,0.598134,0.708723,0
640,0.236390,0.122156,0.223578,0.291120,1
641,0.841063,0.524572,0.806353,0.870644,0
642,0.537768,0.292357,0.431602,0.539810,1
643,0.514827,0.357567,0.562344,0.538167,0
644,0.436483,0.459585,0.440354,0.467518,1
645,0.798950,0.859094,0.804254,0.838084,1
646,0.898206,0.880341,0.834667,0.856348,1
647,0.479795,0.324631,0.377101,0.482832,0
648,0.325957,0.291580,0.320531,0.381280,0
649,0.285282,0.235296,0.255495,0.239790,0
650,0.321757,0.272496,0.319790,0.321671,0
651,0.414527,0.325105,0.360296,0.435308,0
652,0.176198,0.191713,0.175178,0.177826,0
653,0.114158,0.185841,0.100837,0.094138,0
654,0.034472,0.089631,0.060714,0.061980,0
655,0.667250,0.564913,0.639997,0.669914,1
656,0.799715,0.793590,0.730984,0.793828,1
657,0.318560,0.300892,0.311690,0.349645,0
658,0.075156,0.182181,0.111258,0.083643,1
659,0.114785,0.197299,0.147788,0.156100,0
660,0.575729,0.650386,0.589236,0.604830,1
661,0.116952,0.162035,0.136100,0.105235,0
662,0.272174,0.379555,0.250221,0.323091,1
663,0.295225,0.356742,0.358297,0.350973,1
664,0.232554,0.181469,0.214230,0.241347,0
665,0.235732,0.134164,0.195533,0.250118,0
666,0.597424,0.437674,0.584908,0.622969,0
667,0.232479,0.170098,0.204180,0.247328,0
668,0.709848,0.497205,0.661946,0.741353,0
669,0.937343,0.701169,0.855757,0.974207,0
670,0.038662,0.029276,0.006200,0.034911,1
671,0.793579,0.614113,0.702219,0.758264,0
672,0.182970,0.293349,0.146857,0.220596,1
673,0.324681,0.404587,0.382602,0.366042,1
674,0.317197,0.251020,0.248855,0.369279,0
675,0.453576,0.348775,0.372698,0.449526,0
676,0.055782,0.106394,0.079755,0.104955,0
677,0.260608,0.353402,0.258164,0.269703,1
678,0.766241,0.446844,0.660120,0.784751,0
679,0.777410,0.632276,0.691533,0.777352,0
680,0.740131,0.335918,0.700095,0.777424,1
681,0.740845,0.572770,0.699679,0.682202,0
682,0.103847,0.127667,0.145162,0.148525,1
683,0.188544,0.192454,0.172362,0.185157,0
684,0.371885,0.420885,0.354923,0.428204,1
685,0.958591,0.470523,0.768737,0.880015,1
686,0.236276,0.371519,0.314722,0.274389,1
687,0.875938,0.887996,0.873621,0.869293,1
688,0.509379,0.277404,0.385373,0.503972,1
689,0.822167,0.597770,0.772477,0.812216,0
690,0.392044,0.371140,0.342327,0.343569,1
691,0.580138,0.686295,0.556005,0.557269,1
692,0.811037,0.561667,0.727128,0.831313,0
693,0.431884,0.367975,0.382862,0.456592,0
694,0.728898,0.689590,0.625614,0.639179,1
695,0.915099,1.000000,0.891086,0.869703,1
696,0.409216,0.521081,0.493066,0.442490,1
697,0.988173,0.501684,0.815597,0.895198,1
698,0.123222,0.175565,0.125069,0.193027,0
699,0.666387,0.328369,0.631661,0.653117,0
700,0.849579,0.613060,0.713438,0.855863,0
701,0.276276,0.257593,0.225522,0.282611,0
702,0.066719,0.158162,0.045867,0.063159,1
703,0.860433,0.407321,0.667051,0.825673,1
704,0.104638,0.127960,0.113097,0.141582,0
705,0.753594,0.661832,0.732731,0.764159,0
706,0.039233,0.166902,0.108117,0.111374,1
707,0.239816,0.152213,0.196819,0.250837,0
708,0.222126,0.166095,0.143503,0.213036,0
709,0.292232,0.259555,0.237647,0.344445,0
710,0.317681,0.215572,0.260937,0.315506,0
711,0.392105,0.333836,0.310234,0.382053,0
712,0.427946,0.425366,0.365020,0.417246,1
713,0.244921,0.200728,0.257754,0.267714,0
714,0.811668,0.601665,0.787054,0.849069,0
715,0.777957,0.813790,0.809927,0.797790,1
716,0.884988,0.746120,0.812371,0.906294,0
717,0.494730,0.372117,0.434059,0.478990,0
718,0.572634,0.610512,0.531649,0.595221,1
719,0.584636,0.568044,0.607091,0.562014,1
720,0.859986,0.717550,0.832001,0.887929,0